Bin,Count
0,127
1,8
2,8
3,8
4,12
5,8
6,8
7,11
8,10
9,10
10,5
11,3
12,8
13,12
14,7
15,8
16,6
17,8
18,1
19,7
20,4
21,8
22,8
23,6
24,5
25,5
26,6
27,9
28,6
29,8
30,6
31,11
32,6
33,4
34,6
35,11
36,10
37,7
38,8
39,10
40,10
41,10
42,10
43,6
44,8
45,7
46,9
47,11
48,7
49,7
50,11
51,13
52,12
53,10
54,9
55,4
56,9
57,8
58,9
59,6
60,4
61,7
62,6
63,12
64,11
65,11
66,13
67,10
68,7
69,11
70,15
71,8
72,9
73,8
74,13
75,10
76,9
77,12
78,11
79,7
80,10
81,11
82,3
83,11
84,11
85,10
86,11
87,7
88,9
89,12
90,18
91,15
92,9
93,8
94,12
95,10
96,21
97,13
98,8
99,13
100,8
101,6
102,7
103,7
104,7
105,5
106,13
107,10
108,14
109,6
110,9
111,10
112,11
113,14
114,12
115,8
116,14
117,12
118,16
119,9
120,9
121,10
122,10
123,17
124,14
125,10
126,8
127,15
128,14
129,10
130,11
131,11
132,12
133,12
134,13
135,19
136,15
137,13
138,13
139,7
140,16
141,9
142,20
143,13
144,13
145,11
146,12
147,14
148,12
149,17
150,11
151,8
152,13
153,14
154,10
155,12
156,14
157,12
158,13
159,20
160,13
161,10
162,14
163,15
164,16
165,16
166,14
167,17
168,15
169,14
170,8
171,14
172,18
173,12
174,12
175,12
176,11
177,13
178,10
179,17
180,14
181,18
182,14
183,14
184,22
185,14
186,14
187,17
188,15
189,9
190,17
191,11
192,15
193,8
194,15
195,19
196,8
197,17
198,15
199,19
200,13
201,15
202,18
203,15
204,17
205,12
206,15
207,14
208,15
209,13
210,15
211,17
212,17
213,16
214,19
215,21
216,22
217,25
218,16
219,14
220,18
221,15
222,19
223,20
224,13
225,20
226,11
227,17
228,12
229,24
230,20
231,19
232,21
233,26
234,19
235,15
236,22
237,17
238,24
239,16
240,16
241,21
242,17
243,13
244,15
245,24
246,18
247,11
248,19
249,19
250,21
251,24
252,18
253,25
254,23
255,20
256,25
257,29
258,26
259,22
260,22
261,13
262,26
263,19
264,19
265,16
266,23
267,18
268,20
269,20
270,17
271,17
272,28
273,20
274,16
275,27
276,19
277,25
278,21
279,25
280,30
281,17
282,22
283,17
284,24
285,13
286,22
287,23
288,20
289,21
290,25
291,24
292,16
293,26
294,26
295,23
296,21
297,21
298,27
299,22
300,32
301,34
302,26
303,24
304,21
305,25
306,18
307,32
308,21
309,19
310,23
311,28
312,20
313,21
314,33
315,26
316,18
317,20
318,24
319,23
320,26
321,23
322,34
323,27
324,27
325,23
326,23
327,24
328,26
329,32
330,26
331,33
332,30
333,27
334,22
335,39
336,26
337,24
338,20
339,23
340,17
341,25
342,30
343,25
344,28
345,27
346,29
347,34
348,25
349,43
350,31
351,27
352,29
353,34
354,28
355,18
356,27
357,31
358,25
359,35
360,27
361,19
362,33
363,30
364,30
365,20
366,31
367,26
368,24
369,34
370,39
371,25
372,37
373,39
374,24
375,36
376,27
377,31
378,34
379,23
380,27
381,30
382,35
383,26
384,24
385,36
386,33
387,30
388,42
389,37
390,29
391,39
392,25
393,38
394,31
395,42
396,30
397,43
398,33
399,30
400,43
401,25
402,21
403,43
404,36
405,35
406,24
407,43
408,30
409,32
410,39
411,25
412,36
413,31
414,41
415,43
416,48
417,32
418,38
419,37
420,33
421,40
422,36
423,40
424,43
425,24
426,25
427,33
428,33
429,47
430,39
431,33
432,43
433,35
434,40
435,31
436,30
437,31
438,40
439,37
440,33
441,29
442,34
443,32
444,29
445,40
446,38
447,41
448,36
449,41
450,33
451,39
452,51
453,43
454,44
455,44
456,32
457,30
458,41
459,32
460,34
461,45
462,53
463,41
464,43
465,39
466,40
467,41
468,31
469,34
470,41
471,38
472,35
473,36
474,53
475,49
476,47
477,51
478,39
479,39
480,36
481,33
482,54
483,66
484,48
485,45
486,40
487,53
488,36
489,33
490,42
491,40
492,40
493,44
494,47
495,45
496,50
497,49
498,39
499,69
500,46
501,48
502,50
503,42
504,42
505,46
506,49
507,54
508,56
509,49
510,44
511,44
512,44
513,52
514,57
515,55
516,47
517,53
518,48
519,57
520,56
521,53
522,52
523,49
524,63
525,57
526,54
527,63
528,52
529,58
530,50
531,45
532,44
533,49
534,58
535,48
536,51
537,50
538,47
539,53
540,60
541,47
542,53
543,59
544,57
545,52
546,49
547,51
548,52
549,51
550,56
551,52
552,42
553,50
554,59
555,68
556,61
557,55
558,72
559,60
560,54
561,67
562,60
563,52
564,64
565,74
566,54
567,52
568,63
569,58
570,64
571,47
572,55
573,76
574,61
575,62
576,52
577,43
578,56
579,59
580,71
581,65
582,76
583,61
584,47
585,52
586,62
587,59
588,58
589,53
590,56
591,69
592,64
593,63
594,72
595,81
596,71
597,70
598,70
599,65
600,64
601,67
602,58
603,62
604,77
605,48
606,71
607,57
608,62
609,71
610,82
611,58
612,76
613,66
614,67
615,60
616,62
617,79
618,65
619,66
620,63
621,52
622,95
623,64
624,85
625,69
626,59
627,76
628,63
629,75
630,102
631,69
632,82
633,77
634,55
635,74
636,67
637,67
638,79
639,80
640,69
641,66
642,92
643,72
644,88
645,80
646,60
647,82
648,75
649,71
650,85
651,72
652,69
653,86
654,66
655,77
656,66
657,68
658,75
659,73
660,73
661,65
662,86
663,69
664,99
665,75
666,85
667,77
668,87
669,75
670,71
671,85
672,79
673,73
674,79
675,77
676,76
677,71
678,78
679,90
680,71
681,93
682,75
683,76
684,89
685,95
686,91
687,91
688,106
689,94
690,90
691,101
692,81
693,92
694,103
695,105
696,86
697,85
698,77
699,95
700,106
701,92
702,87
703,86
704,84
705,85
706,93
707,73
708,79
709,86
710,91
711,99
712,91
713,99
714,87
715,82
716,85
717,88
718,83
719,96
720,88
721,101
722,76
723,82
724,91
725,101
726,74
727,102
728,89
729,107
730,89
731,86
732,98
733,89
734,102
735,115
736,94
737,85
738,99
739,110
740,94
741,100
742,105
743,110
744,90
745,83
746,101
747,89
748,96
749,79
750,85
751,94
752,105
753,119
754,100
755,98
756,97
757,123
758,101
759,87
760,109
761,107
762,127
763,115
764,108
765,116
766,108
767,97
768,102
769,115
770,91
771,101
772,104
773,111
774,124
775,100
776,112
777,121
778,86
779,107
780,109
781,119
782,127
783,110
784,110
785,104
786,112
787,121
788,125
789,127
790,108
791,117
792,127
793,127
794,106
795,127
796,95
797,111
798,117
799,117
800,127
801,119
802,124
803,114
804,120
805,116
806,116
807,116
808,111
809,113
810,115
811,127
812,124
813,125
814,103
815,126
816,118
817,115
818,108
819,124
820,106
821,127
822,127
823,113
824,124
825,102
826,127
827,127
828,127
829,118
830,127
831,127
832,113
833,127
834,104
835,112
836,125
837,121
838,125
839,126
840,122
841,127
842,127
843,127
844,127
845,127
846,127
847,127
848,127
849,127
850,127
851,118
852,127
853,127
854,127
855,127
856,113
857,127
858,127
859,108
860,127
861,125
862,127
863,127
864,127
865,127
866,127
867,127
868,127
869,127
870,127
871,127
872,127
873,127
874,127
875,127
876,127
877,127
878,127
879,127
880,124
881,127
882,127
883,127
884,127
885,127
886,127
887,127
888,127
889,127
890,127
891,127
892,127
893,127
894,127
895,127
896,127
897,127
898,127
899,127
900,127
901,126
902,118
903,127
904,127
905,127
906,127
907,127
908,127
909,127
910,125
911,127
912,127
913,127
914,127
915,127
916,127
917,127
918,127
919,127
920,127
921,127
922,127
923,127
924,127
925,127
926,127
927,127
928,127
929,124
930,127
931,127
932,127
933,127
934,127
935,127
936,127
937,127
938,127
939,127
940,127
941,127
942,127
943,127
944,127
945,127
946,127
947,127
948,127
949,127
950,127
951,127
952,127
953,127
954,127
955,127
956,127
957,127
958,127
959,127
960,127
961,127
962,127
963,127
964,127
965,127
966,127
967,127
968,127
969,127
970,127
971,127
972,127
973,127
974,127
975,127
976,127
977,127
978,127
979,127
980,127
981,127
982,127
983,127
984,127
985,127
986,127
987,127
988,127
989,127
990,127
991,127
992,127
993,127
994,127
995,127
996,127
997,127
998,127
999,127
1000,127
1001,127
1002,127
1003,127
1004,127
1005,127
1006,127
1007,127
1008,127
1009,127
1010,127
1011,127
1012,127
1013,127
1014,127
1015,127
1016,127
1017,127
1018,127
1019,127
1020,127
1021,127
1022,127
1023,127
1024,127
1025,127
1026,127
1027,127
1028,127
1029,127
1030,127
1031,127
1032,127
1033,127
1034,127
1035,127
1036,127
1037,127
1038,127
1039,127
1040,127
1041,127
1042,127
1043,127
1044,127
1045,127
1046,127
1047,127
1048,127
1049,127
1050,127
1051,127
1052,127
1053,127
1054,127
1055,127
1056,127
1057,127
1058,127
1059,127
1060,127
1061,127
1062,127
1063,127
1064,127
1065,127
1066,127
1067,127
1068,127
1069,127
1070,127
1071,127
1072,127
1073,127
1074,127
1075,127
1076,127
1077,127
1078,127
1079,127
1080,127
1081,127
1082,127
1083,127
1084,127
1085,127
1086,127
1087,127
1088,127
1089,127
1090,127
1091,127
1092,127
1093,127
1094,127
1095,127
1096,127
1097,127
1098,127
1099,127
1100,127
1101,127
1102,127
1103,127
1104,127
1105,127
1106,127
1107,127
1108,127
1109,127
1110,127
1111,127
1112,127
1113,127
1114,127
1115,127
1116,127
1117,127
1118,127
1119,127
1120,127
1121,127
1122,127
1123,127
1124,127
1125,127
1126,127
1127,127
1128,127
1129,127
1130,127
1131,127
1132,127
1133,127
1134,127
1135,127
1136,127
1137,127
1138,127
1139,127
1140,127
1141,127
1142,127
1143,127
1144,127
1145,127
1146,127
1147,127
1148,127
1149,127
1150,127
1151,127
1152,127
1153,127
1154,127
1155,127
1156,127
1157,127
1158,127
1159,127
1160,127
1161,127
1162,127
1163,127
1164,127
1165,127
1166,127
1167,127
1168,127
1169,127
1170,127
1171,127
1172,127
1173,127
1174,127
1175,127
1176,127
1177,127
1178,127
1179,127
1180,127
1181,127
1182,127
1183,127
1184,127
1185,127
1186,127
1187,127
1188,127
1189,127
1190,127
1191,127
1192,127
1193,127
1194,127
1195,127
1196,127
1197,127
1198,127
1199,127
1200,127
1201,127
1202,127
1203,127
1204,127
1205,127
1206,127
1207,127
1208,127
1209,127
1210,127
1211,127
1212,127
1213,127
1214,127
1215,127
1216,127
1217,127
1218,127
1219,127
1220,127
1221,127
1222,127
1223,127
1224,127
1225,127
1226,127
1227,127
1228,127
1229,127
1230,127
1231,127
1232,127
1233,127
1234,127
1235,127
1236,127
1237,127
1238,127
1239,127
1240,127
1241,127
1242,127
1243,127
1244,127
1245,127
1246,127
1247,127
1248,127
1249,127
1250,127
1251,127
1252,127
1253,127
1254,127
1255,127
1256,127
1257,127
1258,127
1259,127
1260,127
1261,127
1262,127
1263,127
1264,127
1265,127
1266,127
1267,127
1268,127
1269,127
1270,127
1271,127
1272,127
1273,127
1274,127
1275,127
1276,127
1277,127
1278,127
1279,127
1280,127
1281,127
1282,127
1283,127
1284,127
1285,127
1286,127
1287,127
1288,127
1289,127
1290,127
1291,127
1292,127
1293,127
1294,127
1295,127
1296,127
1297,127
1298,127
1299,127
1300,127
1301,127
1302,127
1303,127
1304,127
1305,127
1306,127
1307,127
1308,127
1309,127
1310,127
1311,127
1312,127
1313,127
1314,127
1315,127
1316,127
1317,127
1318,127
1319,127
1320,127
1321,127
1322,127
1323,127
1324,127
1325,127
1326,127
1327,127
1328,127
1329,127
1330,127
1331,127
1332,127
1333,127
1334,127
1335,127
1336,127
1337,127
1338,127
1339,127
1340,127
1341,127
1342,127
1343,127
1344,127
1345,127
1346,127
1347,127
1348,127
1349,127
1350,127
1351,127
1352,127
1353,127
1354,127
1355,127
1356,127
1357,127
1358,127
1359,127
1360,127
1361,127
1362,127
1363,127
1364,127
1365,127
1366,127
1367,127
1368,127
1369,127
1370,127
1371,127
1372,127
1373,127
1374,127
1375,127
1376,127
1377,127
1378,127
1379,127
1380,127
1381,127
1382,127
1383,127
1384,127
1385,127
1386,127
1387,127
1388,127
1389,127
1390,127
1391,127
1392,127
1393,127
1394,127
1395,127
1396,127
1397,127
1398,127
1399,127
1400,127
1401,127
1402,127
1403,127
1404,127
1405,127
1406,127
1407,127
1408,127
1409,127
1410,127
1411,127
1412,127
1413,127
1414,127
1415,127
1416,127
1417,127
1418,127
1419,127
1420,127
1421,127
1422,127
1423,127
1424,127
1425,127
1426,127
1427,127
1428,127
1429,127
1430,127
1431,127
1432,127
1433,127
1434,127
1435,127
1436,127
1437,127
1438,127
1439,127
1440,127
1441,127
1442,127
1443,127
1444,127
1445,127
1446,127
1447,127
1448,127
1449,127
1450,127
1451,127
1452,127
1453,127
1454,127
1455,127
1456,127
1457,127
1458,127
1459,127
1460,127
1461,127
1462,127
1463,127
1464,127
1465,127
1466,127
1467,127
1468,127
1469,127
1470,127
1471,127
1472,127
1473,127
1474,127
1475,127
1476,127
1477,127
1478,127
1479,127
1480,127
1481,127
1482,127
1483,127
1484,127
1485,127
1486,127
1487,127
1488,127
1489,127
1490,127
1491,127
1492,127
1493,127
1494,127
1495,127
1496,127
1497,127
1498,127
1499,127
1500,127
1501,127
1502,127
1503,127
1504,127
1505,127
1506,127
1507,127
1508,127
1509,127
1510,127
1511,127
1512,127
1513,127
1514,127
1515,127
1516,127
1517,127
1518,127
1519,127
1520,127
1521,127
1522,127
1523,127
1524,127
1525,127
1526,127
1527,127
1528,127
1529,127
1530,127
1531,127
1532,127
1533,127
1534,127
1535,127
1536,127
1537,127
1538,127
1539,127
1540,127
1541,127
1542,127
1543,127
1544,127
1545,127
1546,127
1547,127
1548,127
1549,127
1550,127
1551,127
1552,127
1553,127
1554,127
1555,127
1556,127
1557,127
1558,127
1559,127
1560,127
1561,127
1562,127
1563,127
1564,127
1565,127
1566,127
1567,127
1568,127
1569,127
1570,127
1571,127
1572,127
1573,127
1574,127
1575,127
1576,127
1577,127
1578,127
1579,127
1580,127
1581,127
1582,127
1583,127
1584,127
1585,127
1586,127
1587,127
1588,127
1589,127
1590,127
1591,127
1592,127
1593,127
1594,127
1595,127
1596,127
1597,127
1598,127
1599,127
1600,127
1601,127
1602,127
1603,127
1604,127
1605,127
1606,127
1607,127
1608,127
1609,127
1610,127
1611,127
1612,127
1613,127
1614,127
1615,127
1616,127
1617,127
1618,127
1619,127
1620,127
1621,127
1622,127
1623,127
1624,127
1625,127
1626,127
1627,127
1628,127
1629,127
1630,127
1631,127
1632,127
1633,127
1634,127
1635,127
1636,127
1637,127
1638,127
1639,127
1640,127
1641,127
1642,127
1643,127
1644,127
1645,127
1646,127
1647,127
1648,127
1649,127
1650,127
1651,127
1652,127
1653,127
1654,127
1655,127
1656,127
1657,127
1658,127
1659,127
1660,127
1661,127
1662,127
1663,127
1664,127
1665,127
1666,127
1667,127
1668,127
1669,127
1670,127
1671,127
1672,127
1673,127
1674,127
1675,127
1676,127
1677,127
1678,127
1679,127
1680,127
1681,127
1682,127
1683,127
1684,127
1685,127
1686,127
1687,127
1688,127
1689,127
1690,127
1691,127
1692,127
1693,127
1694,127
1695,127
1696,127
1697,127
1698,127
1699,127
1700,127
1701,127
1702,127
1703,127
1704,127
1705,127
1706,127
1707,127
1708,127
1709,127
1710,127
1711,127
1712,127
1713,127
1714,127
1715,127
1716,127
1717,127
1718,127
1719,127
1720,127
1721,127
1722,127
1723,127
1724,127
1725,127
1726,127
1727,127
1728,127
1729,127
1730,127
1731,127
1732,127
1733,127
1734,127
1735,127
1736,127
1737,127
1738,127
1739,127
1740,127
1741,127
1742,127
1743,127
1744,127
1745,127
1746,127
1747,127
1748,127
1749,127
1750,127
1751,127
1752,127
1753,127
1754,127
1755,127
1756,127
1757,127
1758,127
1759,127
1760,127
1761,127
1762,127
1763,127
1764,127
1765,127
1766,127
1767,127
1768,127
1769,127
1770,127
1771,127
1772,127
1773,127
1774,127
1775,127
1776,127
1777,127
1778,127
1779,127
1780,127
1781,127
1782,127
1783,127
1784,127
1785,127
1786,127
1787,127
1788,127
1789,127
1790,127
1791,127
1792,127
1793,127
1794,127
1795,127
1796,127
1797,127
1798,127
1799,127
1800,127
1801,127
1802,127
1803,127
1804,127
1805,127
1806,127
1807,127
1808,127
1809,127
1810,127
1811,127
1812,127
1813,127
1814,127
1815,127
1816,127
1817,127
1818,127
1819,127
1820,127
1821,127
1822,127
1823,127
1824,127
1825,127
1826,127
1827,127
1828,127
1829,127
1830,127
1831,127
1832,127
1833,127
1834,127
1835,127
1836,127
1837,127
1838,127
1839,127
1840,127
1841,127
1842,127
1843,127
1844,127
1845,127
1846,127
1847,127
1848,127
1849,127
1850,127
1851,127
1852,127
1853,127
1854,127
1855,127
1856,127
1857,127
1858,127
1859,127
1860,127
1861,127
1862,127
1863,127
1864,127
1865,127
1866,127
1867,127
1868,127
1869,127
1870,127
1871,127
1872,127
1873,127
1874,127
1875,127
1876,127
1877,127
1878,127
1879,127
1880,127
1881,127
1882,127
1883,127
1884,127
1885,127
1886,127
1887,127
1888,127
1889,127
1890,127
1891,127
1892,127
1893,127
1894,127
1895,127
1896,127
1897,127
1898,127
1899,127
1900,127
1901,127
1902,127
1903,127
1904,127
1905,127
1906,127
1907,127
1908,127
1909,127
1910,127
1911,127
1912,127
1913,127
1914,127
1915,127
1916,127
1917,127
1918,127
1919,127
1920,127
1921,127
1922,127
1923,127
1924,127
1925,127
1926,127
1927,127
1928,127
1929,127
1930,127
1931,127
1932,127
1933,127
1934,127
1935,127
1936,127
1937,127
1938,127
1939,127
1940,127
1941,127
1942,127
1943,127
1944,127
1945,127
1946,127
1947,127
1948,127
1949,127
1950,127
1951,127
1952,127
1953,127
1954,127
1955,127
1956,127
1957,127
1958,127
1959,127
1960,127
1961,127
1962,127
1963,127
1964,127
1965,127
1966,127
1967,127
1968,127
1969,127
1970,127
1971,127
1972,127
1973,127
1974,127
1975,127
1976,127
1977,127
1978,127
1979,127
1980,127
1981,127
1982,127
1983,127
1984,127
1985,127
1986,127
1987,127
1988,127
1989,127
1990,127
1991,127
1992,127
1993,127
1994,127
1995,127
1996,127
1997,127
1998,127
1999,127
2000,127
2001,127
2002,127
2003,127
2004,127
2005,127
2006,127
2007,127
2008,127
2009,127
2010,127
2011,127
2012,127
2013,127
2014,127
2015,127
2016,127
2017,127
2018,127
2019,127
2020,127
2021,127
2022,127
2023,127
2024,127
2025,127
2026,127
2027,127
2028,127
2029,127
2030,127
2031,127
2032,127
2033,127
2034,127
2035,127
2036,127
2037,127
2038,127
2039,127
2040,127
2041,127
2042,127
2043,127
2044,127
2045,127
2046,127
2047,127
2048,127
2049,127
2050,127
2051,127
2052,127
2053,127
2054,127
2055,127
2056,127
2057,127
2058,127
2059,127
2060,127
2061,127
2062,127
2063,127
2064,127
2065,127
2066,127
2067,127
2068,127
2069,127
2070,127
2071,127
2072,127
2073,127
2074,127
2075,127
2076,127
2077,127
2078,127
2079,127
2080,127
2081,127
2082,127
2083,127
2084,127
2085,127
2086,127
2087,127
2088,127
2089,127
2090,127
2091,127
2092,127
2093,127
2094,127
2095,127
2096,127
2097,127
2098,127
2099,127
2100,127
2101,127
2102,127
2103,127
2104,127
2105,127
2106,127
2107,127
2108,127
2109,127
2110,127
2111,127
2112,127
2113,127
2114,127
2115,127
2116,127
2117,127
2118,127
2119,127
2120,127
2121,127
2122,127
2123,127
2124,127
2125,127
2126,127
2127,127
2128,127
2129,127
2130,127
2131,127
2132,127
2133,127
2134,127
2135,127
2136,127
2137,127
2138,127
2139,127
2140,127
2141,127
2142,127
2143,127
2144,127
2145,127
2146,127
2147,127
2148,127
2149,127
2150,127
2151,127
2152,127
2153,127
2154,127
2155,127
2156,127
2157,127
2158,127
2159,127
2160,127
2161,127
2162,127
2163,127
2164,127
2165,127
2166,127
2167,127
2168,127
2169,127
2170,127
2171,127
2172,127
2173,127
2174,127
2175,127
2176,127
2177,127
2178,127
2179,127
2180,127
2181,127
2182,127
2183,127
2184,127
2185,127
2186,127
2187,127
2188,127
2189,127
2190,127
2191,127
2192,127
2193,127
2194,127
2195,127
2196,127
2197,127
2198,127
2199,127
2200,127
2201,127
2202,127
2203,127
2204,127
2205,127
2206,127
2207,127
2208,127
2209,127
2210,127
2211,127
2212,127
2213,127
2214,127
2215,127
2216,127
2217,127
2218,127
2219,127
2220,127
2221,127
2222,127
2223,127
2224,127
2225,127
2226,127
2227,127
2228,127
2229,127
2230,127
2231,127
2232,127
2233,127
2234,127
2235,127
2236,127
2237,127
2238,127
2239,127
2240,127
2241,127
2242,127
2243,127
2244,127
2245,127
2246,127
2247,127
2248,127
2249,127
2250,127
2251,127
2252,127
2253,127
2254,127
2255,127
2256,127
2257,127
2258,127
2259,127
2260,127
2261,127
2262,127
2263,127
2264,127
2265,127
2266,127
2267,127
2268,127
2269,127
2270,127
2271,127
2272,127
2273,127
2274,127
2275,127
2276,127
2277,127
2278,127
2279,127
2280,127
2281,127
2282,127
2283,127
2284,127
2285,127
2286,127
2287,127
2288,127
2289,127
2290,127
2291,127
2292,127
2293,127
2294,127
2295,127
2296,127
2297,127
2298,127
2299,127
2300,127
2301,127
2302,127
2303,127
2304,127
2305,127
2306,127
2307,127
2308,127
2309,127
2310,127
2311,127
2312,127
2313,127
2314,127
2315,127
2316,127
2317,127
2318,127
2319,127
2320,127
2321,127
2322,127
2323,127
2324,127
2325,127
2326,127
2327,127
2328,127
2329,127
2330,127
2331,127
2332,127
2333,127
2334,127
2335,127
2336,127
2337,127
2338,127
2339,127
2340,127
2341,127
2342,127
2343,127
2344,127
2345,127
2346,127
2347,127
2348,127
2349,127
2350,127
2351,127
2352,127
2353,127
2354,127
2355,127
2356,127
2357,127
2358,127
2359,127
2360,127
2361,127
2362,127
2363,127
2364,127
2365,127
2366,127
2367,127
2368,127
2369,127
2370,127
2371,127
2372,127
2373,127
2374,127
2375,127
2376,127
2377,127
2378,127
2379,127
2380,127
2381,127
2382,127
2383,127
2384,127
2385,127
2386,127
2387,127
2388,127
2389,127
2390,127
2391,127
2392,127
2393,127
2394,127
2395,127
2396,127
2397,127
2398,127
2399,127
2400,127
2401,127
2402,127
2403,127
2404,127
2405,127
2406,127
2407,127
2408,127
2409,127
2410,127
2411,127
2412,127
2413,127
2414,127
2415,127
2416,127
2417,127
2418,127
2419,127
2420,127
2421,127
2422,127
2423,127
2424,127
2425,127
2426,127
2427,127
2428,127
2429,127
2430,127
2431,127
2432,127
2433,127
2434,127
2435,127
2436,127
2437,127
2438,127
2439,127
2440,127
2441,127
2442,127
2443,127
2444,127
2445,127
2446,127
2447,127
2448,127
2449,127
2450,127
2451,127
2452,127
2453,127
2454,127
2455,127
2456,127
2457,127
2458,127
2459,127
2460,127
2461,127
2462,127
2463,127
2464,127
2465,127
2466,127
2467,127
2468,127
2469,127
2470,127
2471,127
2472,127
2473,127
2474,127
2475,127
2476,127
2477,127
2478,127
2479,127
2480,127
2481,127
2482,127
2483,127
2484,127
2485,127
2486,127
2487,127
2488,127
2489,127
2490,127
2491,127
2492,127
2493,127
2494,127
2495,127
2496,127
2497,127
2498,127
2499,127
2500,127
2501,127
2502,127
2503,127
2504,127
2505,127
2506,127
2507,127
2508,127
2509,127
2510,127
2511,127
2512,127
2513,127
2514,127
2515,127
2516,127
2517,127
2518,127
2519,127
2520,127
2521,127
2522,127
2523,127
2524,127
2525,127
2526,127
2527,127
2528,127
2529,127
2530,127
2531,127
2532,127
2533,127
2534,127
2535,127
2536,127
2537,127
2538,127
2539,127
2540,127
2541,127
2542,127
2543,127
2544,127
2545,127
2546,127
2547,127
2548,127
2549,127
2550,127
2551,127
2552,127
2553,127
2554,127
2555,127
2556,127
2557,127
2558,127
2559,127
2560,127
2561,127
2562,127
2563,127
2564,127
2565,127
2566,127
2567,127
2568,127
2569,127
2570,127
2571,127
2572,127
2573,127
2574,127
2575,127
2576,127
2577,127
2578,127
2579,127
2580,127
2581,127
2582,127
2583,127
2584,127
2585,127
2586,127
2587,127
2588,127
2589,127
2590,127
2591,127
2592,127
2593,127
2594,127
2595,127
2596,127
2597,127
2598,127
2599,127
2600,127
2601,127
2602,127
2603,127
2604,127
2605,127
2606,127
2607,127
2608,127
2609,127
2610,127
2611,127
2612,127
2613,127
2614,127
2615,127
2616,127
2617,127
2618,127
2619,127
2620,127
2621,127
2622,127
2623,127
2624,127
2625,127
2626,127
2627,127
2628,127
2629,127
2630,127
2631,127
2632,127
2633,127
2634,127
2635,127
2636,127
2637,127
2638,127
2639,127
2640,127
2641,127
2642,127
2643,127
2644,127
2645,127
2646,127
2647,127
2648,127
2649,127
2650,127
2651,127
2652,127
2653,127
2654,127
2655,127
2656,127
2657,127
2658,127
2659,127
2660,127
2661,127
2662,127
2663,127
2664,127
2665,127
2666,127
2667,127
2668,127
2669,127
2670,127
2671,127
2672,127
2673,127
2674,127
2675,127
2676,127
2677,127
2678,127
2679,127
2680,127
2681,127
2682,127
2683,127
2684,127
2685,127
2686,127
2687,127
2688,127
2689,127
2690,127
2691,127
2692,127
2693,127
2694,127
2695,127
2696,127
2697,127
2698,127
2699,127
2700,127
2701,127
2702,127
2703,127
2704,127
2705,127
2706,127
2707,127
2708,127
2709,127
2710,127
2711,127
2712,127
2713,127
2714,127
2715,127
2716,127
2717,127
2718,127
2719,127
2720,127
2721,127
2722,127
2723,127
2724,127
2725,127
2726,127
2727,127
2728,127
2729,127
2730,127
2731,127
2732,127
2733,127
2734,127
2735,127
2736,127
2737,127
2738,127
2739,127
2740,127
2741,127
2742,127
2743,127
2744,127
2745,127
2746,127
2747,127
2748,127
2749,127
2750,127
2751,127
2752,127
2753,127
2754,127
2755,127
2756,127
2757,127
2758,127
2759,127
2760,127
2761,127
2762,127
2763,127
2764,127
2765,127
2766,127
2767,127
2768,127
2769,127
2770,127
2771,127
2772,127
2773,127
2774,127
2775,127
2776,127
2777,127
2778,127
2779,127
2780,127
2781,127
2782,127
2783,127
2784,127
2785,127
2786,127
2787,127
2788,127
2789,127
2790,127
2791,127
2792,127
2793,127
2794,127
2795,127
2796,127
2797,127
2798,127
2799,127
2800,127
2801,127
2802,127
2803,127
2804,127
2805,127
2806,127
2807,127
2808,127
2809,127
2810,127
2811,127
2812,127
2813,127
2814,127
2815,127
2816,127
2817,127
2818,127
2819,127
2820,127
2821,127
2822,127
2823,127
2824,127
2825,127
2826,127
2827,127
2828,127
2829,127
2830,127
2831,127
2832,127
2833,127
2834,127
2835,127
2836,127
2837,127
2838,127
2839,127
2840,127
2841,127
2842,127
2843,127
2844,127
2845,127
2846,127
2847,127
2848,127
2849,127
2850,127
2851,127
2852,127
2853,127
2854,127
2855,127
2856,127
2857,127
2858,127
2859,127
2860,127
2861,127
2862,127
2863,127
2864,127
2865,127
2866,127
2867,127
2868,127
2869,127
2870,127
2871,127
2872,127
2873,127
2874,127
2875,127
2876,127
2877,127
2878,127
2879,127
2880,127
2881,127
2882,127
2883,127
2884,127
2885,127
2886,127
2887,127
2888,127
2889,127
2890,127
2891,127
2892,127
2893,127
2894,127
2895,127
2896,127
2897,127
2898,127
2899,127
2900,127
2901,127
2902,127
2903,127
2904,127
2905,127
2906,127
2907,127
2908,127
2909,127
2910,127
2911,127
2912,127
2913,127
2914,127
2915,127
2916,127
2917,127
2918,127
2919,127
2920,127
2921,127
2922,127
2923,127
2924,127
2925,127
2926,127
2927,127
2928,127
2929,127
2930,127
2931,127
2932,127
2933,127
2934,127
2935,127
2936,127
2937,127
2938,127
2939,127
2940,127
2941,127
2942,127
2943,127
2944,127
2945,127
2946,127
2947,127
2948,127
2949,127
2950,127
2951,127
2952,127
2953,127
2954,127
2955,127
2956,127
2957,127
2958,127
2959,127
2960,127
2961,127
2962,127
2963,127
2964,127
2965,127
2966,127
2967,127
2968,127
2969,127
2970,127
2971,127
2972,127
2973,127
2974,127
2975,127
2976,127
2977,127
2978,127
2979,127
2980,127
2981,127
2982,127
2983,127
2984,127
2985,127
2986,127
2987,127
2988,127
2989,127
2990,127
2991,127
2992,127
2993,127
2994,127
2995,127
2996,127
2997,127
2998,127
2999,127
3000,127
3001,127
3002,127
3003,127
3004,127
3005,127
3006,127
3007,127
3008,127
3009,127
3010,127
3011,127
3012,127
3013,127
3014,127
3015,127
3016,127
3017,127
3018,127
3019,127
3020,127
3021,127
3022,127
3023,127
3024,127
3025,127
3026,127
3027,127
3028,127
3029,127
3030,127
3031,127
3032,127
3033,127
3034,127
3035,127
3036,127
3037,127
3038,127
3039,127
3040,127
3041,127
3042,127
3043,127
3044,127
3045,127
3046,127
3047,127
3048,127
3049,127
3050,127
3051,127
3052,127
3053,127
3054,127
3055,127
3056,127
3057,127
3058,127
3059,127
3060,127
3061,127
3062,127
3063,127
3064,127
3065,127
3066,127
3067,127
3068,127
3069,127
3070,127
3071,127
3072,127
3073,127
3074,127
3075,127
3076,127
3077,127
3078,127
3079,127
3080,127
3081,127
3082,127
3083,127
3084,127
3085,127
3086,127
3087,127
3088,127
3089,127
3090,127
3091,127
3092,127
3093,127
3094,127
3095,127
3096,127
3097,127
3098,127
3099,127
3100,127
3101,127
3102,127
3103,127
3104,127
3105,127
3106,127
3107,127
3108,127
3109,127
3110,127
3111,127
3112,127
3113,127
3114,127
3115,127
3116,127
3117,127
3118,127
3119,127
3120,127
3121,127
3122,127
3123,127
3124,127
3125,127
3126,127
3127,127
3128,127
3129,127
3130,127
3131,127
3132,127
3133,127
3134,127
3135,127
3136,127
3137,127
3138,127
3139,127
3140,127
3141,127
3142,127
3143,127
3144,127
3145,127
3146,127
3147,127
3148,127
3149,127
3150,127
3151,127
3152,127
3153,127
3154,127
3155,127
3156,127
3157,127
3158,127
3159,127
3160,127
3161,127
3162,127
3163,127
3164,127
3165,127
3166,127
3167,127
3168,127
3169,127
3170,127
3171,127
3172,127
3173,127
3174,127
3175,127
3176,127
3177,127
3178,127
3179,127
3180,127
3181,127
3182,127
3183,127
3184,127
3185,127
3186,127
3187,127
3188,127
3189,127
3190,127
3191,127
3192,127
3193,127
3194,127
3195,127
3196,127
3197,127
3198,127
3199,127
3200,127
3201,127
3202,127
3203,127
3204,127
3205,127
3206,124
3207,127
3208,127
3209,127
3210,127
3211,127
3212,127
3213,127
3214,127
3215,127
3216,127
3217,127
3218,127
3219,127
3220,127
3221,122
3222,127
3223,127
3224,127
3225,127
3226,127
3227,127
3228,127
3229,127
3230,117
3231,119
3232,117
3233,117
3234,127
3235,127
3236,127
3237,112
3238,127
3239,127
3240,112
3241,119
3242,127
3243,119
3244,127
3245,122
3246,127
3247,123
3248,127
3249,119
3250,127
3251,120
3252,127
3253,121
3254,127
3255,122
3256,122
3257,127
3258,116
3259,123
3260,123
3261,113
3262,114
3263,127
3264,117
3265,120
3266,121
3267,127
3268,114
3269,118
3270,118
3271,127
3272,116
3273,127
3274,123
3275,127
3276,113
3277,127
3278,111
3279,119
3280,107
3281,116
3282,118
3283,112
3284,113
3285,127
3286,124
3287,110
3288,109
3289,122
3290,117
3291,112
3292,102
3293,122
3294,127
3295,106
3296,119
3297,119
3298,115
3299,116
3300,119
3301,125
3302,115
3303,112
3304,108
3305,122
3306,114
3307,122
3308,94
3309,113
3310,127
3311,122
3312,119
3313,102
3314,110
3315,103
3316,97
3317,105
3318,108
3319,95
3320,113
3321,111
3322,111
3323,110
3324,117
3325,117
3326,113
3327,114
3328,96
3329,102
3330,117
3331,104
3332,103
3333,109
3334,103
3335,83
3336,110
3337,109
3338,116
3339,90
3340,92
3341,94
3342,95
3343,87
3344,97
3345,94
3346,88
3347,98
3348,95
3349,84
3350,104
3351,113
3352,94
3353,96
3354,110
3355,117
3356,99
3357,102
3358,104
3359,106
3360,97
3361,96
3362,86
3363,86
3364,94
3365,85
3366,86
3367,88
3368,93
3369,97
3370,92
3371,106
3372,81
3373,92
3374,107
3375,99
3376,93
3377,87
3378,95
3379,112
3380,90
3381,95
3382,89
3383,78
3384,103
3385,92
3386,95
3387,93
3388,91
3389,96
3390,74
3391,87
3392,95
3393,81
3394,92
3395,100
3396,79
3397,92
3398,89
3399,76
3400,83
3401,83
3402,77
3403,79
3404,85
3405,82
3406,94
3407,70
3408,83
3409,85
3410,87
3411,95
3412,106
3413,83
3414,101
3415,81
3416,73
3417,92
3418,87
3419,83
3420,74
3421,73
3422,71
3423,71
3424,72
3425,85
3426,85
3427,83
3428,74
3429,71
3430,74
3431,77
3432,83
3433,78
3434,90
3435,96
3436,80
3437,84
3438,94
3439,78
3440,76
3441,79
3442,67
3443,89
3444,69
3445,72
3446,79
3447,73
3448,78
3449,98
3450,84
3451,63
3452,80
3453,68
3454,71
3455,68
3456,79
3457,85
3458,79
3459,60
3460,69
3461,77
3462,67
3463,66
3464,81
3465,77
3466,67
3467,70
3468,75
3469,70
3470,69
3471,69
3472,57
3473,69
3474,93
3475,58
3476,68
3477,86
3478,56
3479,67
3480,73
3481,65
3482,68
3483,80
3484,74
3485,59
3486,63
3487,59
3488,55
3489,71
3490,68
3491,57
3492,59
3493,73
3494,75
3495,72
3496,65
3497,60
3498,67
3499,73
3500,63
3501,61
3502,53
3503,57
3504,59
3505,59
3506,63
3507,49
3508,73
3509,61
3510,72
3511,48
3512,58
3513,72
3514,53
3515,58
3516,66
3517,61
3518,68
3519,61
3520,56
3521,53
3522,65
3523,65
3524,72
3525,63
3526,51
3527,67
3528,48
3529,49
3530,59
3531,59
3532,47
3533,43
3534,45
3535,66
3536,63
3537,63
3538,70
3539,56
3540,58
3541,64
3542,69
3543,54
3544,63
3545,52
3546,47
3547,44
3548,49
3549,65
3550,50
3551,52
3552,47
3553,49
3554,39
3555,61
3556,52
3557,36
3558,50
3559,47
3560,56
3561,60
3562,57
3563,48
3564,53
3565,45
3566,42
3567,43
3568,62
3569,57
3570,43
3571,40
3572,43
3573,53
3574,34
3575,42
3576,36
3577,61
3578,37
3579,49
3580,53
3581,54
3582,57
3583,59
3584,55
3585,64
3586,54
3587,52
3588,41
3589,50
3590,51
3591,43
3592,51
3593,51
3594,51
3595,43
3596,53
3597,44
3598,48
3599,60
3600,46
3601,39
3602,42
3603,38
3604,52
3605,55
3606,42
3607,53
3608,49
3609,44
3610,53
3611,54
3612,51
3613,47
3614,55
3615,42
3616,38
3617,40
3618,45
3619,34
3620,46
3621,43
3622,47
3623,40
3624,45
3625,42
3626,47
3627,41
3628,36
3629,37
3630,22
3631,40
3632,38
3633,51
3634,49
3635,50
3636,42
3637,44
3638,46
3639,38
3640,40
3641,39
3642,42
3643,40
3644,48
3645,38
3646,50
3647,39
3648,33
3649,29
3650,43
3651,43
3652,40
3653,36
3654,46
3655,50
3656,54
3657,30
3658,39
3659,36
3660,38
3661,36
3662,37
3663,54
3664,32
3665,36
3666,44
3667,40
3668,46
3669,33
3670,38
3671,41
3672,34
3673,31
3674,41
3675,45
3676,36
3677,38
3678,33
3679,40
3680,38
3681,35
3682,33
3683,38
3684,38
3685,34
3686,31
3687,35
3688,35
3689,27
3690,47
3691,36
3692,29
3693,34
3694,41
3695,34
3696,35
3697,43
3698,23
3699,33
3700,29
3701,27
3702,31
3703,31
3704,31
3705,44
3706,30
3707,42
3708,41
3709,30
3710,38
3711,28
3712,28
3713,36
3714,37
3715,32
3716,31
3717,40
3718,31
3719,28
3720,30
3721,30
3722,30
3723,28
3724,24
3725,30
3726,24
3727,28
3728,34
3729,32
3730,31
3731,34
3732,30
3733,33
3734,26
3735,25
3736,27
3737,28
3738,22
3739,28
3740,21
3741,25
3742,20
3743,24
3744,28
3745,31
3746,33
3747,27
3748,21
3749,23
3750,26
3751,25
3752,17
3753,22
3754,29
3755,28
3756,23
3757,35
3758,16
3759,32
3760,20
3761,24
3762,23
3763,23
3764,27
3765,22
3766,29
3767,31
3768,24
3769,22
3770,25
3771,31
3772,33
3773,25
3774,24
3775,23
3776,14
3777,27
3778,20
3779,27
3780,28
3781,32
3782,21
3783,24
3784,19
3785,26
3786,18
3787,25
3788,17
3789,22
3790,25
3791,22
3792,28
3793,25
3794,22
3795,15
3796,22
3797,20
3798,25
3799,25
3800,26
3801,33
3802,25
3803,16
3804,19
3805,21
3806,21
3807,25
3808,15
3809,19
3810,29
3811,24
3812,12
3813,24
3814,15
3815,21
3816,24
3817,27
3818,26
3819,26
3820,26
3821,23
3822,17
3823,21
3824,24
3825,23
3826,19
3827,13
3828,20
3829,13
3830,19
3831,14
3832,19
3833,16
3834,19
3835,11
3836,20
3837,16
3838,18
3839,15
3840,21
3841,20
3842,23
3843,20
3844,19
3845,27
3846,18
3847,20
3848,11
3849,26
3850,23
3851,22
3852,19
3853,27
3854,14
3855,20
3856,19
3857,20
3858,15
3859,19
3860,14
3861,17
3862,17
3863,18
3864,23
3865,13
3866,21
3867,20
3868,19
3869,22
3870,17
3871,12
3872,17
3873,18
3874,26
3875,21
3876,16
3877,15
3878,17
3879,18
3880,11
3881,22
3882,13
3883,18
3884,10
3885,19
3886,19
3887,11
3888,17
3889,19
3890,14
3891,18
3892,25
3893,22
3894,13
3895,15
3896,14
3897,16
3898,16
3899,21
3900,13
3901,20
3902,15
3903,16
3904,23
3905,20
3906,14
3907,11
3908,13
3909,13
3910,18
3911,15
3912,12
3913,11
3914,15
3915,7
3916,12
3917,15
3918,15
3919,15
3920,11
3921,9
3922,19
3923,15
3924,12
3925,11
3926,13
3927,11
3928,11
3929,12
3930,16
3931,11
3932,15
3933,8
3934,19
3935,18
3936,16
3937,16
3938,12
3939,8
3940,9
3941,15
3942,23
3943,9
3944,21
3945,17
3946,10
3947,17
3948,13
3949,13
3950,13
3951,14
3952,15
3953,11
3954,17
3955,14
3956,13
3957,11
3958,15
3959,9
3960,10
3961,12
3962,16
3963,18
3964,14
3965,10
3966,15
3967,13
3968,13
3969,11
3970,14
3971,14
3972,10
3973,14
3974,15
3975,6
3976,10
3977,14
3978,8
3979,13
3980,15
3981,12
3982,12
3983,8
3984,13
3985,18
3986,9
3987,9
3988,11
3989,18
3990,10
3991,9
3992,14
3993,6
3994,10
3995,14
3996,10
3997,11
3998,6
3999,8
4000,8
4001,7
4002,13
4003,13
4004,11
4005,11
4006,13
4007,8
4008,9
4009,20
4010,10
4011,8
4012,11
4013,7
4014,11
4015,7
4016,14
4017,18
4018,10
4019,9
4020,9
4021,9
4022,15
4023,11
4024,11
4025,12
4026,8
4027,6
4028,11
4029,8
4030,10
4031,4
4032,7
4033,7
4034,9
4035,9
4036,7
4037,9
4038,9
4039,12
4040,13
4041,10
4042,9
4043,7
4044,6
4045,11
4046,7
4047,11
4048,8
4049,10
4050,5
4051,5
4052,11
4053,10
4054,7
4055,7
4056,4
4057,9
4058,8
4059,12
4060,6
4061,8
4062,8
4063,6
4064,7
4065,11
4066,8
4067,9
4068,12
4069,11
4070,6
4071,10
4072,11
4073,8
4074,10
4075,12
4076,15
4077,4
4078,9
4079,8
4080,6
4081,8
4082,5
4083,9
4084,6
4085,14
4086,4
4087,3
4088,8
4089,7
4090,10
4091,7
4092,4
4093,8
4094,5
4095,127
